LEFT_WRIST_X,LEFT_WRIST_Y,LEFT_THUMB_CMC_X,LEFT_THUMB_CMC_Y,LEFT_THUMB_MCP_X,LEFT_THUMB_MCP_Y,LEFT_THUMB_IP_X,LEFT_THUMB_IP_Y,LEFT_THUMB_TIP_X,LEFT_THUMB_TIP_Y,LEFT_INDEX_FINGER_MCP_X,LEFT_INDEX_FINGER_MCP_Y,LEFT_INDEX_FINGER_PIP_X,LEFT_INDEX_FINGER_PIP_Y,LEFT_INDEX_FINGER_DIP_X,LEFT_INDEX_FINGER_DIP_Y,LEFT_INDEX_FINGER_TIP_X,LEFT_INDEX_FINGER_TIP_Y,LEFT_MIDDLE_FINGER_MCP_X,LEFT_MIDDLE_FINGER_MCP_Y,LEFT_MIDDLE_FINGER_PIP_X,LEFT_MIDDLE_FINGER_PIP_Y,LEFT_MIDDLE_FINGER_DIP_X,LEFT_MIDDLE_FINGER_DIP_Y,LEFT_MIDDLE_FINGER_TIP_X,LEFT_MIDDLE_FINGER_TIP_Y,LEFT_RING_FINGER_MCP_X,LEFT_RING_FINGER_MCP_Y,LEFT_RING_FINGER_PIP_X,LEFT_RING_FINGER_PIP_Y,LEFT_RING_FINGER_DIP_X,LEFT_RING_FINGER_DIP_Y,LEFT_RING_FINGER_TIP_X,LEFT_RING_FINGER_TIP_Y,LEFT_PINKY_MCP_X,LEFT_PINKY_MCP_Y,LEFT_PINKY_PIP_X,LEFT_PINKY_PIP_Y,LEFT_PINKY_DIP_X,LEFT_PINKY_DIP_Y,LEFT_PINKY_TIP_X,LEFT_PINKY_TIP_Y,RIGHT_WRIST_X,RIGHT_WRIST_Y,RIGHT_THUMB_CMC_X,RIGHT_THUMB_CMC_Y,RIGHT_THUMB_MCP_X,RIGHT_THUMB_MCP_Y,RIGHT_THUMB_IP_X,RIGHT_THUMB_IP_Y,RIGHT_THUMB_TIP_X,RIGHT_THUMB_TIP_Y,RIGHT_INDEX_FINGER_MCP_X,RIGHT_INDEX_FINGER_MCP_Y,RIGHT_INDEX_FINGER_PIP_X,RIGHT_INDEX_FINGER_PIP_Y,RIGHT_INDEX_FINGER_DIP_X,RIGHT_INDEX_FINGER_DIP_Y,RIGHT_INDEX_FINGER_TIP_X,RIGHT_INDEX_FINGER_TIP_Y,RIGHT_MIDDLE_FINGER_MCP_X,RIGHT_MIDDLE_FINGER_MCP_Y,RIGHT_MIDDLE_FINGER_PIP_X,RIGHT_MIDDLE_FINGER_PIP_Y,RIGHT_MIDDLE_FINGER_DIP_X,RIGHT_MIDDLE_FINGER_DIP_Y,RIGHT_MIDDLE_FINGER_TIP_X,RIGHT_MIDDLE_FINGER_TIP_Y,RIGHT_RING_FINGER_MCP_X,RIGHT_RING_FINGER_MCP_Y,RIGHT_RING_FINGER_PIP_X,RIGHT_RING_FINGER_PIP_Y,RIGHT_RING_FINGER_DIP_X,RIGHT_RING_FINGER_DIP_Y,RIGHT_RING_FINGER_TIP_X,RIGHT_RING_FINGER_TIP_Y,RIGHT_PINKY_MCP_X,RIGHT_PINKY_MCP_Y,RIGHT_PINKY_PIP_X,RIGHT_PINKY_PIP_Y,RIGHT_PINKY_DIP_X,RIGHT_PINKY_DIP_Y,RIGHT_PINKY_TIP_X,RIGHT_PINKY_TIP_Y
154.51909482479095,218.71777892112732,150.3783667087555,209.1360878944397,143.67685317993164,202.23676204681396,138.08415591716766,196.78272128105164,133.50313067436218,192.55658626556396,138.69055330753326,214.42406058311462,128.7236112356186,217.88271188735962,123.30560088157654,220.55089712142944,118.97761881351471,222.35021591186523,138.78322899341583,222.66623497009277,128.40250074863434,228.53152513504028,121.94525599479675,232.27148175239563,117.4659937620163,235.11199593544006,139.2750084400177,228.96168112754822,130.0318604707718,234.74292993545532,123.46062362194061,238.00718426704407,118.62370133399963,240.56606769561768,140.18028616905212,232.82652974128723,132.42633283138275,237.89875030517578,128.0244129896164,240.95044493675232,124.02268588542938,243.4854006767273,85.81540077924728,229.88125443458557,90.1888820528984,217.03182220458984,96.71947002410889,210.602867603302,103.30795526504517,207.12416291236877,110.51018536090851,205.69232940673828,96.50423437356949,222.1409571170807,109.8834478855133,223.89601588249207,118.86201202869415,223.62467527389526,125.2806544303894,222.79270768165588,98.24047654867172,231.34552359580994,114.49478924274445,232.77208805084229,125.77620148658752,229.7216796875,133.23989868164062,226.2171721458435,99.99971866607666,238.24085116386414,115.21725654602051,239.83404159545898,125.10330140590668,237.40792274475098,130.95135748386383,234.4474446773529,101.7930194735527,242.91146159172058,113.90829384326935,244.88867282867432,120.63640594482422,243.65387082099915,124.31874990463257,241.46318554878235
158.87796878814697,218.46156358718872,155.9385198354721,208.02665829658508,149.11280035972595,200.05666136741638,143.60230207443237,194.20342803001404,138.44003856182098,188.5772442817688,138.6879998445511,210.50816416740417,129.72224056720734,211.10201716423035,125.19906878471375,212.55740642547607,121.49751126766205,213.82489204406738,137.76846528053284,217.46118783950806,127.98253118991852,220.62068104743958,122.53126323223114,223.45781683921814,117.60851204395294,226.91852927207947,138.7305325269699,223.13651323318481,129.27409529685974,227.2783124446869,123.69972288608551,230.0603711605072,119.2723685503006,233.2366168498993,141.55452489852905,227.4673318862915,133.88976752758026,231.23577237129211,129.143505692482,233.7053918838501,125.719975233078,236.54554963111877,80.99072635173798,224.94076013565063,85.46130180358887,213.1513524055481,92.02200561761856,207.43963956832886,98.04299622774124,203.54881763458252,103.5923033952713,199.80170130729675,99.4447785615921,218.63762736320496,111.691575050354,221.7802131175995,116.36846780776978,222.05480813980103,118.22904109954834,221.4446985721588,100.11055022478104,226.50630354881287,113.48560810089111,228.6805772781372,120.09081602096558,227.59416103363037,123.94788444042206,225.66404581069946,99.510617852211,232.6722240447998,111.74832701683044,234.77759718894958,115.26738703250885,233.49462985992432,115.67651689052582,232.02346444129944,98.16784679889679,237.44293093681335,108.46871674060822,240.13005375862122,112.27606773376465,239.45302724838257,113.03549766540527,238.02531599998474
154.45500791072845,211.81746125221252,154.2537224292755,202.024884223938,151.88453435897827,194.55873250961304,149.86114025115967,188.29892992973328,148.79814863204956,181.30979776382446,139.414284825325,197.74508237838745,130.20136535167694,197.81065106391907,126.9822496175766,200.48660039901733,126.5601646900177,202.7453339099884,136.64867162704468,203.72819781303406,125.86527228355408,204.74978923797607,122.51477837562561,207.67502665519714,121.87190651893616,209.42057013511658,135.57196140289307,209.61966276168823,125.30709028244019,210.23553729057312,121.6506439447403,212.93333768844604,120.2694708108902,214.8661184310913,136.25736594200134,215.3022563457489,128.00862908363342,216.4075791835785,123.86517226696014,218.604633808136,120.97806930541992,220.46183466911316,76.04928731918335,217.92274117469788,79.55867171287537,206.2234652042389,87.0154595375061,197.84412503242493,92.56504207849503,192.0108675956726,96.17566376924515,188.2094645500183,94.21591222286224,201.05618476867676,106.35984420776367,203.72939109802246,104.15594279766083,205.1629912853241,100.46367287635803,205.18987894058228,95.49783825874329,208.2147479057312,108.15101087093353,211.93671226501465,105.09750723838806,213.46964955329895,101.53167128562927,213.40530514717102,95.35274147987366,215.70273518562317,106.55938982963562,220.21141529083252,103.6873072385788,220.78003883361816,100.46446144580841,219.8857879638672,94.2143851518631,222.17360973358154,103.04711401462555,225.61665534973145,100.71871876716614,225.3889548778534,97.42348104715347,224.34585332870483
152.45110273361206,196.15731596946716,155.43359756469727,190.0701367855072,155.53286969661713,184.14626717567444,155.63537120819092,179.20462608337402,156.95581197738647,175.48131346702576,142.92145371437073,182.51275300979614,137.56641626358032,179.34200882911682,137.59397864341736,182.47989892959595,139.0637218952179,185.2963924407959,138.6368054151535,185.18606781959534,131.82668209075928,182.0677661895752,132.16502845287323,185.14954090118408,133.9270305633545,187.44030714035034,136.10893964767456,188.6570394039154,130.1114934682846,185.74559450149536,130.84351122379303,188.41491103172302,132.74552822113037,190.33865690231323,135.0249195098877,192.51943945884705,129.19112026691437,190.70494890213013,127.96846210956573,191.8796682357788,128.24799120426178,193.1017005443573,82.71052122116089,206.51106238365173,78.29628467559814,197.12421774864197,79.57602024078369,188.745698928833,84.28437441587448,183.55433583259583,87.57329106330872,180.4709804058075,87.95627295970917,183.1069004535675,91.95468306541443,176.97818875312805,91.064832508564,178.42217206954956,88.5482382774353,180.7281255722046,92.41693496704102,186.43362402915955,97.27522999048233,180.50445437431335,94.86492991447449,183.8296127319336,92.2719195485115,187.3517405986786,95.26873379945755,191.9167685508728,99.92462307214737,188.30326914787292,97.24070191383362,192.9899501800537,94.83727991580963,196.58496141433716,97.09273874759674,198.5759961605072,100.53612738847733,197.01367616653442,98.19581598043442,199.6726405620575,95.95213562250137,201.45195245742798
150.4023116827011,196.21477961540222,157.35421478748322,189.23158288002014,161.8092566728592,180.1699936389923,164.44812297821045,172.18528985977173,167.91936814785004,167.13496685028076,150.26576399803162,171.56095385551453,147.47355222702026,168.6149036884308,148.70572328567505,173.75675320625305,150.16174793243408,178.3837389945984,144.29802060127258,171.56076788902283,142.630934715271,169.91894721984863,144.39510226249695,174.79993224143982,145.74224174022675,178.98760318756104,139.07631397247314,173.30756664276123,137.67490088939667,170.2883231639862,139.23688173294067,173.9429211616516,140.62184751033783,176.8412709236145,134.515340924263,176.31190180778503,133.16347002983093,169.0571630001068,134.20177817344666,166.54306650161743,135.6605315208435,165.00709176063538,83.03564965724945,182.4375605583191,92.48654812574387,175.54471254348755,96.22260242700577,168.29838871955872,96.37897074222565,162.224862575531,95.91981053352356,158.62597703933716,91.6509273648262,153.36777448654175,89.94042634963989,140.5080211162567,89.99709695577621,139.8391616344452,90.73260068893433,142.34586596488953,86.22378587722778,152.46190071105957,84.20245707035065,139.66142416000366,84.43969130516052,140.01657366752625,85.0959062576294,143.09044480323792,81.20442867279053,153.56784343719482,79.36549723148346,141.81328892707825,79.62672650814056,141.44464135169983,79.85465437173843,143.1838309764862,76.30975931882858,156.60776019096375,73.73032361268997,146.8665099143982,73.18246185779572,142.86880373954773,72.6882666349411,140.60292601585388
157.0686274766922,194.344003200531,160.21476924419403,188.59656929969788,161.14862322807312,181.84282422065735,161.21515095233917,176.58607840538025,161.47477805614471,172.1834921836853,155.5526089668274,176.20509505271912,153.27852487564087,167.31168150901794,151.90471172332764,161.33826732635498,150.4915201663971,155.8999252319336,151.36342763900757,177.60398149490356,147.8065538406372,168.26271414756775,145.23703157901764,162.1334445476532,142.90240287780762,156.2363076210022,148.1835025548935,180.12306809425354,144.08660888671875,171.76317691802979,141.81013405323029,165.95483899116516,139.8207986354828,160.26073098182678,145.92745542526245,183.84182453155518,142.20011293888092,178.07562351226807,139.86744940280914,173.92858624458313,138.13182055950165,169.405757188797,76.1387586593628,152.0789337158203,88.53569000959396,142.21317887306213,93.39387863874435,131.95841312408447,94.51929867267609,124.14427161216736,95.63555002212524,118.4675669670105,85.86436092853546,116.436208486557,85.69551318883896,102.65668034553528,86.69262796640396,94.7613799571991,87.9109114408493,88.56028854846954,79.17526423931122,116.50497734546661,78.37491005659103,101.83877646923065,79.24052774906158,93.58740448951721,80.09916096925735,87.21990406513214,73.12826961278915,119.22587633132935,71.59815698862076,105.47427415847778,72.36144840717316,98.58054280281067,73.008713722229,93.39296877384186,67.30624884366989,123.86850655078888,64.52600955963135,114.23696875572205,63.89390856027603,108.51302862167358,63.38089406490326,103.58132123947144
158.09469401836395,181.15047097206116,165.06305694580078,173.7037217617035,169.4365507364273,164.97180461883545,171.2959098815918,157.4165439605713,172.585608959198,150.81321477890015,158.5063773393631,166.67412638664246,155.77176868915558,156.65738224983215,154.54568088054657,150.37360548973083,153.94228756427765,144.66042041778564,151.6875797510147,168.21820616722107,146.88119888305664,157.9884684085846,144.41368997097015,149.90373015403748,142.76942253112793,143.4856081008911,146.48308396339417,170.34808039665222,141.71888530254364,161.20725393295288,139.73799884319305,153.7503695487976,138.5183572769165,147.64553904533386,142.5500625371933,172.58787631988525,137.8134387731552,165.73522806167603,136.39870762825012,160.86891889572144,136.11497282981873,156.99974656105042,,,,,,,,,,,,,,,,,,,,,,,,,,,,,,,,,,,,,,,,,,
159.8880010843277,183.72271299362183,166.00114166736603,173.92841577529907,169.0219509601593,163.6858308315277,170.60448467731476,155.4658019542694,172.55943596363068,148.8626742362976,159.36859667301178,161.40921354293823,156.65028512477875,151.9795036315918,155.10927021503448,145.66874623298645,153.78934264183044,139.92098689079285,153.48265171051025,163.45884323120117,148.8646513223648,153.47137331962585,146.06585562229156,145.60956239700317,143.63930225372314,138.61818313598633,148.90416741371155,166.84075236320496,144.14659023284912,157.59164690971375,141.83600664138794,150.37317156791687,139.94387805461884,143.99515628814697,145.57327508926392,171.52157545089722,140.94410955905914,164.5199680328369,138.02516341209412,159.17386531829834,135.61471939086914,154.4955837726593,67.741639316082,103.76178622245789,79.12419497966766,91.6166478395462,85.69984406232834,79.10228848457336,87.79056072235107,69.30936276912689,87.84879595041275,62.74577617645264,78.50504904985428,72.06197679042816,80.88691681623459,56.98329836130142,85.02879023551941,53.780657052993774,88.21179449558258,53.5114860534668,70.92092603445053,73.96719574928284,74.15550649166107,58.57375741004944,78.0962947010994,56.516929268836975,80.59023320674896,57.30126619338989,64.30843949317932,77.09185123443604,67.66477257013321,63.12724381685257,71.12992823123932,62.95120716094971,73.060402572155,65.82362234592438,59.00544136762619,80.49151241779327,58.09890568256378,70.73337018489838,59.41400170326233,68.55645418167114,60.586247742176056,68.70017528533936
159.32651460170746,173.5415279865265,165.25281429290771,165.7777988910675,168.70305597782135,155.9539020061493,169.9456411600113,148.0377733707428,171.35967135429382,142.57303953170776,157.60396599769592,152.78489351272583,155.1234394311905,142.77461171150208,153.38391780853271,137.34183311462402,152.34453320503235,132.77889728546143,151.2787002325058,154.71463680267334,145.9678602218628,143.59163999557495,143.11201214790344,136.867835521698,141.0821968317032,131.31617784500122,146.32001280784607,157.94498324394226,140.9637862443924,148.22832703590393,138.5470962524414,142.00100660324097,136.96588933467865,136.5563726425171,142.71658837795258,162.3373568058014,137.42284655570984,155.76551795005798,135.1260942220688,151.89860820770264,133.81188690662384,148.44215750694275,61.591936647892,101.47318184375763,55.43638855218887,86.70080959796906,54.4964262843132,75.47354757785797,53.66165041923523,65.38674056529999,51.909630596637726,58.165185153484344,63.98976981639862,69.23831582069397,68.20753365755081,55.30363738536835,69.34199720621109,51.398449540138245,69.41372573375702,50.96871197223663,70.45428693294525,71.5801066160202,73.78419667482376,58.1596565246582,73.06742459535599,55.31075447797775,71.17988973855972,55.43277561664581,75.51970660686493,75.41914463043213,78.9780780673027,64.1755872964859,77.62761533260345,62.01193690299988,75.61322718858719,62.065816819667816,79.1566264629364,79.6950489282608,82.92366027832031,71.5347695350647,81.47154092788696,69.00596618652344,79.53874468803406,68.10871660709381
158.8405555486679,172.91478991508484,164.7581309080124,164.37489867210388,167.88268089294434,154.58890795707703,168.7125688791275,146.8186390399933,170.45111417770386,141.13192319869995,157.27882504463196,151.636860370636,154.21584606170654,141.91499710083008,152.44886219501495,135.7523775100708,150.82051634788513,130.22624373435974,151.00233793258667,153.92020344734192,146.0054486989975,143.78191471099854,143.02797317504883,136.60199642181396,140.5382341146469,130.28042197227478,146.17148637771606,157.33574151992798,141.37022495269775,148.1985878944397,138.912091255188,141.60040378570557,137.03928887844086,136.05711460113525,142.57422029972076,161.7597758769989,137.5314313173294,155.43045282363892,134.97128427028656,151.21598720550537,133.1442815065384,147.46264100074768,60.841268599033356,96.84373199939728,55.49804091453552,82.03452289104462,54.21672821044922,70.05671560764313,53.53654325008392,59.52425926923752,51.03138953447342,51.52563512325287,61.956599950790405,64.21147882938385,69.14598762989044,52.19234436750412,71.20241403579712,48.650383949279785,71.40201598405838,47.112913727760315,68.47936481237411,67.54675686359406,75.84527313709259,55.277098417282104,75.6746917963028,55.83545506000519,74.2546534538269,57.37688481807709,73.84043544530869,72.04169869422913,79.48833256959915,61.309119164943695,78.43695044517517,62.699691355228424,76.60627394914627,64.80647087097168,78.08431595563889,76.60668015480042,81.8654876947403,68.51434826850891,80.08820235729218,68.61863672733307,77.97682642936707,70.05163252353668
159.11729335784912,170.88491916656494,164.4775629043579,161.96472644805908,166.97983145713806,151.9943344593048,167.70517766475677,144.38945174217224,169.19061720371246,138.96556854248047,155.7139527797699,149.20502305030823,152.78357863426208,140.9130871295929,151.31839156150818,135.0013518333435,149.66782808303833,129.16440606117249,149.73498165607452,151.75524353981018,144.82727587223053,143.0266273021698,141.48503065109253,135.65717816352844,138.4967404603958,128.65247130393982,145.44619023799896,155.5711829662323,140.91020107269287,148.29346179962158,140.8112794160843,143.37754607200623,141.48881077766418,139.64828252792358,142.19814777374268,160.42109608650208,136.86656713485718,154.13986086845398,133.86111617088318,149.0140974521637,131.68639183044434,144.3075954914093,60.85441768169403,94.54031229019165,56.79407358169556,79.70821380615234,56.336528062820435,67.97237992286682,56.6669762134552,57.491323947906494,55.95652520656586,50.17011761665344,64.72215056419373,62.85769701004028,72.96923518180847,52.597340643405914,74.4234636425972,54.34320569038391,72.98267215490341,57.614503502845764,70.46396881341934,65.92568695545197,78.59387576580048,58.332287669181824,78.52744817733765,61.670045256614685,75.77663004398346,65.3175687789917,75.12557208538055,70.55175840854645,81.64311110973358,65.39579093456268,81.29249811172485,68.57412874698639,78.2744425535202,71.60116732120514,78.84937852621078,75.50483644008636,84.47843134403229,72.36698508262634,83.50415378808975,74.75374102592468,80.64015090465546,77.2584617137909
157.75711119174957,170.6553590297699,162.87293672561646,161.59976720809937,165.1162165403366,151.7803955078125,166.1813485622406,144.00453209877014,167.70868241786957,138.05988073349,153.74723553657532,148.80950331687927,150.69999039173126,140.25487422943115,149.24671947956085,134.4014859199524,147.85090148448944,128.64603996276855,148.1812870502472,151.5433657169342,143.19332242012024,142.65207529067993,139.85300481319427,135.39106011390686,137.0138293504715,128.22651505470276,144.12138104438782,155.5573284626007,139.26281690597534,147.69314646720886,137.58591771125793,141.2692129611969,136.7729902267456,135.86374044418335,141.13854825496674,160.79724431037903,135.55378675460815,154.4954752922058,132.41009831428528,149.42376613616943,129.89427387714386,144.70550179481506,61.21905595064163,94.62237000465393,58.96385997533798,79.87101972103119,60.175647139549255,68.4163361787796,61.26581937074661,58.60393047332764,59.83566731214523,52.313551902770996,67.60808944702148,63.99165868759155,76.62305295467377,55.47152251005173,76.93908154964447,57.477008402347565,74.60847705602646,60.886645913124084,72.671919465065,67.62992262840271,81.49139910936356,61.344731748104095,80.73072373867035,63.84079724550247,77.21197038888931,67.06928014755249,76.70220404863358,72.83892154693604,83.95833849906921,68.02630245685577,83.14212530851364,70.38352847099304,79.62920486927032,73.01782131195068,79.87531363964081,78.40527832508087,86.30709260702133,74.66994762420654,85.23740440607071,75.97234070301056,81.99696600437164,77.77467370033264
156.28089666366577,170.73472023010254,160.3485882282257,160.7853889465332,162.19404101371765,151.22193813323975,163.41694951057434,143.54455947875977,163.87348115444183,137.41471648216248,150.0248122215271,148.94739747047424,147.29529798030853,140.35810112953186,146.00696325302124,134.60192680358887,145.16464591026306,129.07790064811707,145.00912249088287,152.01167583465576,139.9397349357605,143.0849277973175,136.5564340353012,135.92538833618164,133.99974167346954,128.6235922574997,141.46479070186615,156.51849627494812,136.9122415781021,149.28667783737183,136.07445538043976,143.96095395088196,136.33438289165497,139.8541009426117,139.13466811180115,161.93260073661804,133.4240484237671,156.01107120513916,130.1154488325119,150.92600345611572,128.0059379339218,146.16395950317383,,,,,,,,,,,,,,,,,,,,,,,,,,,,,,,,,,,,,,,,,,
153.07019233703613,170.6962251663208,156.16308689117432,159.90723967552185,156.44093871116638,149.41705584526062,156.475510597229,141.83854937553406,156.6606742143631,135.8360779285431,145.79883098602295,148.03062915802002,141.81954681873322,140.35410284996033,138.91913831233978,134.07991886138916,136.37452483177185,127.7856582403183,141.23818337917328,151.59150004386902,136.39408886432648,144.56071138381958,133.57104778289795,137.85229563713074,131.13191485404968,130.9229826927185,138.45618546009064,156.50423884391785,133.4780216217041,151.19749903678894,131.32042050361633,145.98608255386353,130.11601209640503,141.14367008209229,137.15005159378052,162.33101844787598,132.00632572174072,157.7030098438263,128.8540881872177,153.0250072479248,126.64913535118103,148.37838649749756,89.18767422437668,74.13293838500977,99.12923187017441,63.9540159702301,102.84247398376465,56.32458180189133,103.74090492725372,51.20305299758911,101.90318763256073,47.37907826900482,93.74125599861145,51.69856458902359,89.9068808555603,48.094855546951294,92.44277000427246,46.912217140197754,95.32281339168549,46.936121582984924,88.88946980237961,56.74825608730316,84.36547815799713,54.05028134584427,87.43192434310913,54.007563292980194,90.11269748210907,55.058607161045074,85.89800655841827,62.944690585136414,83.05915027856827,63.29930543899536,85.84015935659409,63.39085906744003,88.35680365562439,63.71150404214859,85.07453352212906,69.57613945007324,83.55002850294113,70.00031352043152,85.66445231437683,69.35755908489227,87.45851039886475,69.22734379768372
142.86485195159912,164.26108717918396,131.32572770118713,161.3504946231842,123.28455984592438,154.7699773311615,119.76570010185242,147.46188163757324,117.22795844078064,141.548193693161,126.23228251934052,145.24827599525452,121.93212568759918,134.19614791870117,119.48304176330566,129.3118155002594,117.69845902919769,127.15237259864807,133.09933304786682,142.22684741020203,128.32445740699768,130.41109442710876,125.65218329429626,127.7318286895752,123.94024908542633,127.88522779941559,139.88345861434937,140.75329542160034,135.86081564426422,129.5142787694931,133.72436821460724,129.18490886688232,132.48285949230194,130.58488011360168,146.74147188663483,140.68045854568481,144.88805830478668,130.98222851753235,143.26306700706482,131.30635261535645,142.44692265987396,133.7788701057434,76.7102462053299,86.74529433250427,90.1442089676857,71.99209988117218,97.82773554325104,60.9699472784996,102.84336894750595,52.80475914478302,104.8780283331871,46.20574593544006,88.52864295244217,52.49174267053604,91.9744348526001,40.13595849275589,97.31077194213867,36.628057062625885,100.50249427556992,36.16458207368851,83.80837887525558,56.84027463197708,90.16842931509018,45.21177440881729,95.97109884023666,44.462666511535645,98.8772776722908,46.245627999305725,80.8507490158081,63.692574203014374,87.65531480312347,54.935446977615356,93.33366572856903,54.05912637710571,96.24473869800568,55.036562383174896,79.38941717147827,72.22315549850464,83.76897543668747,65.70098519325256,88.31107914447784,61.84236258268356,90.73125511407852,59.30790275335312
139.19625163078308,165.85551738739014,126.75867140293121,161.5053427219391,119.39161777496338,154.13259267807007,114.5480865240097,146.65594935417175,111.37071490287781,139.68096613883972,124.84048247337341,146.72829031944275,119.29836630821228,136.24639749526978,115.72613418102264,129.3103665113449,112.92533576488495,124.1993796825409,131.1328411102295,144.3281602859497,126.5606027841568,132.6900827884674,122.54884958267212,125.04025042057037,118.81990492343903,119.61458504199982,136.7588210105896,143.11680555343628,134.39984679222107,131.70010566711426,130.40648102760315,124.65878665447235,126.54886186122894,120.01290202140808,141.48108780384064,142.96905517578125,141.29902839660645,133.4657645225525,138.49552631378174,127.68665432929993,135.18834114074707,123.63769888877869,77.32600003480911,90.30895471572876,89.65507686138153,76.27894520759583,96.17169588804245,65.8152848482132,100.80063611268997,58.86804163455963,104.44591104984283,53.961598575115204,86.61912828683853,58.239319920539856,90.38405925035477,45.60216844081879,94.75091904401779,39.38630431890488,97.35796093940735,35.595199167728424,83.39983105659485,62.747504115104675,88.57566297054291,51.12872838973999,94.2298373579979,46.593497693538666,97.68445372581482,44.23464447259903,82.42985308170319,70.24814486503601,91.19268715381622,63.61425906419754,96.96912735700607,63.77528667449951,99.86444771289825,64.68527108430862,83.68438571691513,79.86216306686401,93.18381249904633,77.87742018699646,98.740254342556,78.27830970287323,101.29659622907639,79.07302975654602
127.99989223480225,154.07593488693237,117.21356391906738,147.03730463981628,110.49591600894928,137.31720805168152,107.29025602340698,129.6746826171875,108.1433629989624,125.50536036491394,111.65652751922607,133.42365860939026,105.96500873565674,120.68390786647797,103.85213702917099,116.33366346359253,103.91977250576019,115.8857011795044,116.83507561683655,133.35988759994507,110.0748074054718,120.02897262573242,107.474205493927,115.93303740024567,106.86623096466064,116.03758156299591,122.17987418174744,133.69083046913147,115.96482038497925,120.81174433231354,113.57560515403748,118.1026542186737,112.9980218410492,119.16126847267151,127.47834742069244,134.67429876327515,123.01918745040894,125.12609720230103,120.62312543392181,122.99901247024536,119.69922244548798,122.93779850006104,,,,,,,,,,,,,,,,,,,,,,,,,,,,,,,,,,,,,,,,,,
128.17574322223663,151.65894389152527,129.74628567695618,137.72207260131836,126.96752965450287,125.73370397090912,121.68740630149841,117.37533152103424,117.73248016834259,111.13363742828369,118.77748489379883,128.3661448955536,108.96237373352051,118.70878100395203,103.32944691181183,112.59336590766907,98.79926562309265,107.90709555149078,113.7569260597229,134.30160641670227,103.59555155038834,124.32963371276855,98.69581282138824,117.70750641822815,94.81223344802856,112.69925832748413,110.86348950862885,140.7645618915558,102.51416623592377,132.6922369003296,100.38516640663147,128.06133806705475,100.1904085278511,125.17078340053558,109.71052587032318,146.7921233177185,103.04615646600723,143.29034328460693,101.9485741853714,141.87042713165283,103.0230188369751,141.74190878868103,92.71276116371155,87.17359066009521,98.87541264295578,65.1594352722168,100.35399913787842,51.555699706077576,100.72714269161224,42.75927156209946,100.6535679101944,37.68975526094437,102.79267519712448,49.2010423541069,108.03929686546326,37.43801474571228,107.33966052532196,31.73435851931572,104.71876859664917,28.74626636505127,100.98262041807175,56.89045459032059,106.58854186534882,47.79041290283203,104.23382341861725,43.91454577445984,100.83182841539383,42.711272835731506,99.08969700336456,67.17577695846558,103.25697988271713,60.33213645219803,101.55356973409653,55.782210528850555,98.75919252634048,53.561507165431976,97.34571933746338,78.71623754501343,99.16797816753387,74.40657258033752,99.26029711961746,70.39574801921844,97.70739734172821,67.1460223197937
124.2283022403717,152.00566291809082,126.5270072221756,138.77912163734436,123.73335599899292,127.4950236082077,118.89644622802734,118.48684549331665,114.37691688537598,112.51454710960388,116.67614758014679,129.43845868110657,108.11114430427551,119.11332786083221,103.52842926979065,112.62942790985107,100.06785482168198,107.34995543956757,110.96323728561401,133.74412536621094,101.37511521577835,122.96526730060577,96.93603873252869,115.79336881637573,93.61776977777481,110.46916365623474,107.02040255069733,138.1682527065277,99.27562415599823,128.46688449382782,99.44818943738937,123.79173338413239,100.92612504959106,121.33141994476318,104.50288832187653,142.40914106369019,99.47594583034515,133.95034670829773,100.60740530490875,130.48019647598267,102.85915911197662,128.72758626937866,,,,,,,,,,,,,,,,,,,,,,,,,,,,,,,,,,,,,,,,,,
124.50224876403809,150.40446043014526,125.56541562080383,137.7184772491455,122.9659652709961,126.67759239673615,118.30912470817566,118.30385446548462,114.02099668979645,111.74249947071075,112.83472537994385,129.97415840625763,104.17311608791351,120.17886161804199,99.7687304019928,113.34364771842957,96.90760016441345,107.5956791639328,108.1782853603363,134.7221076488495,99.70140159130096,124.28312659263611,96.00568950176239,116.76813542842865,93.41244757175446,110.85801184177399,105.68431556224823,139.6549153327942,98.93300950527191,130.05436420440674,97.74992376565933,123.99665296077728,98.39038610458374,119.82805907726288,104.92208808660507,144.41695928573608,99.68817114830017,136.23502254486084,99.30705428123474,131.2514305114746,100.40906131267548,127.69424021244049,,,,,,,,,,,,,,,,,,,,,,,,,,,,,,,,,,,,,,,,,,
125.99599957466125,151.39333724975586,127.13466882705688,139.22438740730286,124.4797682762146,127.94933199882507,120.29770910739899,118.87069582939148,116.83417439460754,111.94480001926422,113.99832844734192,133.19952249526978,105.33129930496216,123.54206562042236,102.00403064489365,116.89195811748505,99.83348697423935,111.39564871788025,108.99486780166626,138.40749859809875,99.16393518447876,128.1454336643219,95.51746487617493,121.46465718746185,92.99883663654327,116.29840731620789,106.38804495334625,143.2358705997467,98.15983593463898,133.35867881774902,99.78008329868317,128.9716672897339,102.43137270212173,126.98038458824158,105.48103988170624,147.33258843421936,98.99001181125641,139.225332736969,99.65423136949539,135.21995544433594,101.70737206935883,133.45359921455383,80.44050514698029,127.36928701400757,84.18216079473495,110.1938247680664,91.58981949090958,97.46693670749664,99.86842185258865,90.91161787509918,105.67229926586151,87.23617613315582,91.9996565580368,90.1888358592987,104.04412239789963,78.81459832191467,109.22893524169922,76.2429141998291,111.05980575084686,75.87301135063171,93.98379743099213,96.6153883934021,109.21003460884094,91.38182640075684,115.54627776145935,94.8447859287262,118.65321636199951,98.22815179824829,95.99021852016449,105.80937802791595,109.6367883682251,109.03303742408752,114.20999050140381,116.38172030448914,116.10402166843414,122.19896912574768,97.98472970724106,116.10091090202332,108.51608097553253,118.33388030529022,111.9284588098526,123.3490401506424,113.2654345035553,127.76063799858093
127.93700695037842,153.19795608520508,114.58171963691711,150.92295050621033,104.88689661026001,142.86762595176697,100.67314445972443,134.39319491386414,99.10210132598877,128.31789433956146,107.91974723339081,145.48935055732727,101.69360965490341,135.6804859638214,98.01924526691437,128.5035741329193,95.45822829008102,122.8890210390091,115.56562900543213,142.8962802886963,108.23339760303497,131.77669286727905,103.58991265296936,123.30043315887451,100.53697228431702,117.7232825756073,124.22788918018341,140.14140367507935,116.15365147590637,129.15244221687317,111.16757690906525,122.95902967453003,107.70071268081665,119.641774892807,132.67778635025024,137.90013551712036,128.75378966331482,128.12600791454315,125.63350796699524,120.74049592018127,122.29390382766724,114.81123328208923,74.02183145284653,124.39531087875366,79.05147135257721,103.20892333984375,86.06599688529968,89.09277260303497,92.91193753480911,79.64106440544128,96.78321272134781,72.37824380397797,87.57864832878113,91.40249192714691,105.20387649536133,84.5412814617157,107.42730438709259,83.61733019351959,104.83861237764359,83.26905369758606,90.76366782188416,100.13682663440704,111.02056503295898,95.26248216629028,110.09852707386017,97.11945056915283,105.17880499362946,98.64810287952423,94.03096139431,109.33902204036713,112.0999538898468,103.88552367687225,110.30102670192719,106.01210474967957,105.60269236564636,107.91042745113373,97.11549460887909,117.8575348854065,110.73348820209503,113.27435970306396,110.40663242340088,113.83904695510864,107.84980237483978,114.78870034217834
,,,,,,,,,,,,,,,,,,,,,,,,,,,,,,,,,,,,,,,,,,68.8178363442421,123.07969093322754,72.13200598955154,105.33534169197083,78.732770383358,92.5693541765213,85.71130961179733,84.15525376796722,89.64339852333069,77.6939332485199,82.33459264039993,90.69212317466736,98.45636934041977,84.18512463569641,101.72017693519592,82.04389870166779,100.21529227495193,81.1156702041626,83.8177227973938,98.19879233837128,103.80171865224838,95.17057597637177,102.16143786907196,97.11318969726562,96.502945125103,98.78182828426361,85.29587745666504,107.29892313480377,104.3569466471672,105.67400217056274,102.5488132238388,107.88455486297607,97.596415579319,109.32882487773895,87.28184580802917,116.35597944259644,103.60060214996338,115.78252077102661,103.89615297317505,116.61667346954346,101.24609023332596,117.32288897037506
155.57546496391296,158.42397093772888,156.72752737998962,145.41848182678223,154.28227365016937,136.25397562980652,150.8539867401123,131.54397130012512,147.96684622764587,131.42675042152405,146.3126528263092,136.32943153381348,138.52328896522522,132.59649515151978,136.7910397052765,131.7890441417694,136.52114868164062,131.8404483795166,144.50863122940063,142.25181341171265,133.89461159706116,139.8668396472931,128.79021406173706,137.00886011123657,125.57918429374695,134.58114504814148,144.0453404188156,148.47801804542542,133.97900104522705,146.1903202533722,129.77129459381104,142.99541592597961,127.7575135231018,140.91037511825562,145.0564867258072,154.4734227657318,136.23221933841705,152.50368118286133,132.26780533790588,150.66194653511047,130.17052352428436,149.1920828819275,,,,,,,,,,,,,,,,,,,,,,,,,,,,,,,,,,,,,,,,,,
161.45732939243317,156.6889500617981,164.14886713027954,148.67177963256836,163.0026751756668,142.48411655426025,162.08361625671387,139.66802597045898,162.33844935894012,137.80248761177063,149.28130388259888,138.17125916481018,140.83401024341583,135.3173553943634,137.23201274871826,133.8911008834839,136.09910130500793,134.3202805519104,146.0752809047699,144.21242713928223,136.1709988117218,142.63566374778748,137.23281383514404,142.4256145954132,140.66958725452423,143.27523350715637,144.9080228805542,150.71380019187927,136.01688981056213,150.0525188446045,139.75046575069427,150.24933338165283,143.9798891544342,150.33334374427795,144.90391731262207,156.9902777671814,137.9057639837265,156.5261673927307,140.7295686006546,156.3316309452057,143.90817940235138,155.68849682807922,,,,,,,,,,,,,,,,,,,,,,,,,,,,,,,,,,,,,,,,,,
168.5056507587433,157.09586024284363,175.3878092765808,149.47906017303467,179.9883610010147,141.41643643379211,183.03422927856445,136.08178615570068,186.6445130109787,132.9001009464264,171.56517505645752,142.03902125358582,169.57203447818756,139.04021859169006,170.30626773834229,138.15198063850403,171.4559519290924,138.30487608909607,165.40065228939056,144.48713064193726,163.12925934791565,141.81426525115967,165.32096922397614,141.6512966156006,167.66030430793762,142.66148209571838,159.7023242712021,147.9747772216797,156.98844373226166,144.7929835319519,158.8687562942505,144.24487829208374,161.3943064212799,144.85230684280396,155.26202738285065,152.0650017261505,151.30196928977966,147.9626739025116,151.2380075454712,145.88015913963318,152.5064653158188,145.0416362285614,37.72506237030029,126.90739274024963,46.74645960330963,117.37894237041473,50.214024782180786,108.52400839328766,50.63400059938431,101.68556332588196,46.94923460483551,99.0673178434372,37.391247153282166,94.37136173248291,34.219029396772385,82.32838094234467,36.061856746673584,82.47714638710022,36.93051293492317,86.90021216869354,33.3711764216423,94.54238891601562,31.66260302066803,83.78925621509552,34.366654604673386,86.5417617559433,35.448478013277054,92.63308644294739,30.288517624139786,96.18583679199219,30.00629425048828,86.98506712913513,32.9375758767128,90.00500023365021,34.099870920181274,96.06201410293579,27.9242080450058,99.03555631637573,26.602064967155457,89.24043774604797,28.369070738554,88.96934509277344,29.320191890001297,92.5408548116684
170.91954946517944,158.95977139472961,165.78722655773163,155.2506697177887,163.98878753185272,150.0627315044403,163.31145644187927,145.88617205619812,164.96554970741272,142.02123045921326,169.71111059188843,152.83809542655945,168.83213102817535,149.3929421901703,167.86052584648132,144.8097050189972,167.39665925502777,140.62518000602722,172.14222013950348,152.12663412094116,173.6131900548935,147.40917563438416,173.47418904304504,142.3729395866394,174.17646646499634,138.51622700691223,173.8743817806244,151.0679578781128,175.3850555419922,144.80319619178772,176.57683432102203,139.3665587902069,177.86673367023468,135.0079846382141,175.13432800769806,149.94729280471802,176.738503575325,143.2912266254425,177.70169734954834,138.9968729019165,178.41015815734863,135.74986696243286,34.22407999634743,130.0452208518982,41.423897445201874,119.25384879112244,44.0761037170887,109.00483250617981,45.42733311653137,102.48315036296844,45.59555500745773,97.29733526706696,34.74769949913025,100.34617841243744,31.78228408098221,89.71040606498718,30.027523040771484,84.96726870536804,29.06929850578308,83.28597664833069,31.283836215734482,103.2378876209259,27.527078837156296,92.18868851661682,25.144167467951775,87.35428810119629,23.331562355160713,85.63933610916138,29.550726413726807,108.21484684944153,27.074123919010162,99.49147641658783,25.01847669482231,95.17393112182617,23.707242161035538,92.85413861274719,29.540828615427017,114.93786096572876,28.02069827914238,110.23395478725433,26.986548900604248,107.53702223300934,26.47006720304489,105.41563272476196
169.25278902053833,157.2428822517395,174.36316967010498,147.00125813484192,177.02770829200745,138.45820546150208,177.4447238445282,132.07038044929504,177.14449167251587,127.58173823356628,177.888463139534,135.6755268573761,180.13974130153656,128.13669323921204,179.56790328025818,127.89695143699646,179.53249275684357,130.00602841377258,173.59092235565186,138.9727747440338,175.58421313762665,132.54160404205322,174.47167932987213,133.23625087738037,174.3707299232483,136.08807802200317,169.16883766651154,143.35797309875488,169.74714696407318,138.050194978714,168.710315823555,138.54041814804077,168.9410161972046,140.72540044784546,164.9049174785614,148.29389572143555,163.3756685256958,144.72482681274414,162.3833602666855,144.65704202651978,162.19671964645386,145.23807883262634,33.629392236471176,128.90780329704285,40.042824447155,118.2943469285965,41.54758706688881,107.34478712081909,41.585363298654556,100.69712042808533,40.928222090005875,96.09202444553375,33.60572889447212,99.34477984905243,32.69346043467522,90.67482054233551,30.888753533363342,87.39308536052704,29.048933386802673,86.75110578536987,30.506932586431503,102.06452429294586,28.698314130306244,92.5142228603363,27.010312378406525,88.95680010318756,24.875061884522438,87.91183888912201,28.715418577194214,106.94260358810425,28.98880496621132,101.30542457103729,30.468940436840057,102.30752825737,31.400920003652573,104.44478690624237,28.218453973531723,113.35439503192902,30.45118823647499,110.6697130203247,33.40935319662094,112.35503435134888,35.298656076192856,114.77625608444214
167.89562344551086,156.1510729789734,169.30443406105042,143.57490301132202,170.41232407093048,134.1035521030426,172.17246115207672,127.08095371723175,173.11719238758087,120.77637195587158,174.09123837947845,135.45938730239868,177.0226138830185,130.19681453704834,177.27068781852722,125.17119407653809,177.4341470003128,120.46761333942413,171.5863287448883,140.55950284004211,173.28538298606873,135.3550136089325,171.6636210680008,130.79031109809875,170.01437187194824,127.82488942146301,167.97292828559875,146.7077100276947,166.97804152965546,142.31423616409302,165.18703758716583,137.8800356388092,163.85272800922394,134.85023856163025,163.9131724834442,152.881441116333,160.22688567638397,151.51010870933533,156.84422314167023,149.03029203414917,154.21491980552673,146.994811296463,40.08277550339699,127.86439180374146,47.745261043310165,119.1045331954956,50.62281668186188,109.88901793956757,50.41368931531906,104.1577398777008,46.35101392865181,101.96598529815674,37.97809302806854,99.81654584407806,35.11816129088402,91.0645443201065,34.45581302046776,87.53345131874084,33.60482767224312,87.29846715927124,34.53486084938049,102.3215764760971,32.68692970275879,92.56028056144714,33.98867949843407,90.19997835159302,34.684031903743744,91.7012470960617,32.38083019852638,107.23102986812592,33.9791165292263,102.00851738452911,38.42573136091232,105.66621482372284,40.77218234539032,109.94636535644531,31.512702852487564,113.927241563797,34.74677950143814,112.08105146884918,39.19277787208557,114.35178756713867,41.78258389234543,116.97942435741425
169.25676941871643,155.36390781402588,168.66678178310394,142.6659917831421,167.39486932754517,132.6949644088745,165.61175107955933,126.52999699115753,164.13957953453064,120.91854333877563,171.9946324825287,133.43036890029907,171.46408796310425,126.2113356590271,171.67969286441803,120.39726376533508,173.0301994085312,115.167196393013,169.54864025115967,139.23044681549072,168.2528829574585,132.52764105796814,166.41968429088593,126.94957613945007,165.48633098602295,122.44659125804901,166.32797241210938,146.0184407234192,163.05840075016022,140.0163722038269,160.40831923484802,134.74271893501282,158.8935148715973,130.8050799369812,162.80092656612396,152.6748788356781,158.6495715379715,148.91860365867615,155.5035549402237,144.90605115890503,153.408100605011,141.3436770439148,39.54320311546326,130.46335101127625,40.362576842308044,113.98782789707184,40.36092147231102,101.17863416671753,40.58519750833511,91.99022352695465,40.2755431830883,83.79375040531158,37.04487428069115,104.47117865085602,38.79229411482811,95.80981254577637,40.569422990083694,89.56508100032806,41.914941519498825,84.57338392734528,37.63921469449997,111.60519421100616,39.24682304263115,104.76642370223999,41.85696914792061,97.92105913162231,43.8884899020195,92.82950580120087,40.13267755508423,119.42472100257874,44.56675037741661,113.73940765857697,47.04386919736862,109.46604490280151,47.713395953178406,106.95010423660278,44.77439135313034,126.96293473243713,49.93578493595123,122.44038462638855,52.87416994571686,119.19268906116486,54.18638080358505,116.95126593112946
167.12044715881348,154.09127712249756,169.03312861919403,143.0431628227234,166.93167865276337,134.62120532989502,163.31437289714813,129.35057401657104,160.7984733581543,125.00342905521393,166.7895358800888,134.26751255989075,164.5637047290802,125.864337682724,163.4605461359024,119.12657022476196,163.37235152721405,112.68470644950867,164.3479996919632,138.00457119941711,162.16278612613678,129.78791296482086,160.86692869663239,123.42858731746674,160.18830835819244,117.09823369979858,161.84917330741882,142.85521268844604,159.74516987800598,135.7793891429901,158.75753045082092,130.10533452033997,158.4833961725235,125.26970982551575,159.16294276714325,148.26930165290833,157.19001710414886,143.35188269615173,156.07566833496094,139.26029443740845,155.49790978431702,135.7549500465393,42.696094661951065,129.46243286132812,46.88107341527939,126.03682160377502,48.915085047483444,120.42563915252686,48.430189937353134,113.37842345237732,47.47196853160858,107.02631175518036,50.281641483306885,108.12604784965515,50.41252836585045,98.19099724292755,51.33805230259895,92.03019857406616,52.25138157606125,85.95606803894043,48.57542127370834,105.33424139022827,47.36501410603523,92.6248961687088,47.19378188252449,84.57125306129456,47.1098430454731,76.54276967048645,46.65593683719635,104.30019795894623,46.126562654972076,93.12124848365784,46.896441131830215,86.14741206169128,47.74117738008499,78.7538492679596,44.77558046579361,104.87220764160156,45.34935235977173,97.09666967391968,45.59813663363457,92.10342288017273,45.84193602204323,86.9460141658783
162.91436791419983,153.126482963562,159.0372222661972,146.18804216384888,156.60487353801727,139.62216973304749,155.5031168460846,134.47057247161865,155.65687537193298,130.6008267402649,155.54547429084778,134.78956699371338,154.4967019557953,126.4203155040741,154.1233330965042,120.11545479297638,153.56674075126648,114.58513677120209,157.40875124931335,134.23462748527527,156.56867444515228,125.50135433673859,156.26263439655304,118.65942239761353,155.88647425174713,112.4190765619278,159.53876495361328,134.67984676361084,159.04310524463654,126.13292753696442,158.5540670156479,119.85260665416718,158.1015908718109,114.6705961227417,162.0475047826767,135.8726978302002,161.39191567897797,129.18314218521118,161.0729956626892,124.64266180992126,160.97830474376678,120.69825053215027,60.50848603248596,113.10754001140594,70.38983702659607,101.42695367336273,77.08635002374649,92.45150566101074,81.47625356912613,85.57991981506348,84.6605908870697,79.97323155403137,69.38120037317276,83.54001462459564,66.69491350650787,72.12916493415833,64.98187154531479,65.01359105110168,63.730699717998505,58.49856108427048,63.41462105512619,84.48364734649658,60.26964336633682,72.86815702915192,58.7800857424736,64.15153175592422,57.073127031326294,57.21015810966492,58.43953013420105,87.08386957645416,55.52016466856003,76.12257063388824,55.15436232089996,67.86985039710999,54.39545810222626,61.22872352600098,54.76390153169632,91.26296281814575,51.52138531208038,82.0289671421051,50.77865928411484,75.3153133392334,50.317086428403854,69.50473606586456
,,,,,,,,,,,,,,,,,,,,,,,,,,,,,,,,,,,,,,,,,,57.82683044672012,109.08861815929413,66.64704859256744,98.85121703147888,72.13771998882294,90.98795711994171,77.39412367343903,86.40482068061829,82.9938805103302,81.7781525850296,63.6529004573822,78.70790004730225,62.11313724517822,67.49415159225464,61.85236483812332,59.31147873401642,61.63096457719803,51.69243931770325,60.55939257144928,80.6325912475586,59.06891494989395,68.66941332817078,59.23224896192551,59.842777252197266,59.292130172252655,51.57712072134018,58.46813768148422,84.63471412658691,56.36492282152176,73.68090033531189,56.73454284667969,65.41124165058136,57.12184935808182,57.56734937429428,57.75516450405121,90.53518295288086,56.316594779491425,82.525195479393,56.68947547674179,76.35196030139923,56.919274628162384,70.10709702968597
148.20577025413513,123.71146559715271,146.64270043373108,109.28685069084167,142.3485767841339,97.55914509296417,139.8857617378235,90.04953920841217,138.42498064041138,83.4588634967804,134.85206007957458,90.50666809082031,132.19385504722595,78.06750893592834,131.73858761787415,71.68193876743317,131.7592030763626,67.23675072193146,136.21421992778778,93.80977392196655,135.63629865646362,81.5816867351532,137.44572758674622,76.5094119310379,139.23887193202972,73.24452996253967,138.51383864879608,98.69698107242584,139.72509384155273,88.97049188613892,141.64922833442688,87.339728474617,143.7129521369934,86.89020097255707,141.7593902349472,104.86512541770935,141.3483703136444,98.38028013706207,141.38537049293518,97.3686146736145,142.0855951309204,97.45351612567902,60.325606763362885,105.12698173522949,70.76662927865982,94.18812274932861,77.70754247903824,86.06101512908936,83.39024305343628,81.49700224399567,88.93987566232681,77.88521528244019,69.10062611103058,74.70439791679382,67.82025218009949,65.04925012588501,68.27571362257004,57.832130789756775,68.82674217224121,51.2178373336792,66.010422706604,75.90356409549713,65.0371465086937,65.3438675403595,65.6346943974495,57.07198888063431,65.98596453666687,49.43665027618408,63.62008094787598,78.15046548843384,62.6230850815773,68.15407693386078,63.08990567922592,60.342829525470734,63.55144411325455,53.45094233751297,61.82632952928543,81.86120986938477,61.21073842048645,73.57231914997101,61.81572765111923,67.85068035125732,61.93420708179474,62.463699877262115
144.31251525878906,128.52820694446564,133.6009383201599,119.87624764442444,127.5528484582901,111.10085308551788,124.83941853046417,104.42905724048615,120.06722152233124,99.33715522289276,134.92310643196106,95.73706090450287,133.19653987884521,83.3580619096756,132.36305952072144,75.89983701705933,131.6380262374878,69.34730768203735,140.1695716381073,96.28145456314087,139.62043941020966,83.71046841144562,138.381809592247,75.97475051879883,136.8313694000244,69.54177439212799,144.69070315361023,99.2839765548706,144.58618640899658,91.37044370174408,141.99705004692078,90.91691017150879,139.79073286056519,90.56122601032257,148.39359998703003,103.80657315254211,148.78270268440247,98.82116794586182,146.8200159072876,99.95849251747131,145.45838177204132,101.21983349323273,65.55152535438538,101.6944432258606,75.87792366743088,91.18480265140533,83.2864648103714,83.30085396766663,88.47814321517944,78.3988469839096,92.51568138599396,74.28667068481445,77.1482464671135,73.46366822719574,76.83052182197571,63.04075002670288,77.33908653259277,55.422067046165466,77.59043991565704,48.06936264038086,73.64890694618225,74.05160129070282,73.31123024225235,62.947224378585815,74.13809537887573,54.42905247211456,74.79742705821991,45.946229696273804,70.60758858919144,75.67146241664886,70.11888206005096,65.0388514995575,71.03647023439407,56.725742518901825,71.97945535182953,49.172721207141876,67.87682890892029,78.73210668563843,67.54119873046875,69.52324748039246,68.13566118478775,63.46551299095154,68.41086566448212,57.497817277908325
127.53453612327576,115.23326098918915,114.74293828010559,109.19315457344055,105.59983849525452,100.33889472484589,102.77892529964447,93.63756120204926,106.07550859451294,89.44489240646362,112.18583285808563,83.66924583911896,106.7117589712143,70.40524780750275,103.83078306913376,62.05412030220032,101.47623986005783,54.66310679912567,120.42468130588531,85.43127834796906,115.65189599990845,76.91293597221375,112.49268651008606,75.8383983373642,111.72351837158203,75.79652488231659,127.76085555553436,90.18563568592072,123.39418351650238,86.34932518005371,119.56644237041473,90.19450783729553,117.99225747585297,94.60536181926727,134.02127087116241,96.80725932121277,131.59555613994598,94.98020052909851,127.62699902057648,97.988440990448,125.25476932525635,101.68437004089355,73.29125940799713,101.66386723518372,82.13050335645676,91.50083720684052,86.9305819272995,84.18963432312012,89.85023528337479,79.57630932331085,92.83179759979248,76.34112775325775,83.63862991333008,74.55893337726593,85.9180337190628,63.84003400802612,88.15871000289917,57.40283489227295,90.92615067958832,52.088865637779236,80.80506831407547,75.49208998680115,82.48851388692856,63.69822680950165,84.60903972387314,56.66947603225708,87.20401525497437,50.344321727752686,78.48681807518005,77.73425698280334,78.79497349262238,67.06714153289795,80.30438303947449,60.394702553749084,82.41791188716888,54.514023661613464,76.30279988050461,81.5188455581665,75.44704556465149,73.99332404136658,76.26541793346405,69.30271446704865,77.71412014961243,64.71071362495422
,,,,,,,,,,,,,,,,,,,,,,,,,,,,,,,,,,,,,,,,,,77.86269038915634,102.17936635017395,86.76124602556229,93.30498337745667,91.63195163011551,85.58112859725952,95.23084491491318,81.0155737400055,100.85077285766602,78.11842501163483,86.42635434865952,75.02364814281464,89.73578631877899,64.66670155525208,92.27555572986603,57.42004454135895,94.20183062553406,51.268017292022705,84.73538607358932,75.99351763725281,88.52483779191971,64.93997156620026,91.45163834095001,57.078629434108734,93.69297176599503,49.643855690956116,83.58770459890366,78.29314827919006,87.15798407793045,67.64178574085236,90.50964206457138,60.381549298763275,93.10317188501358,53.490557074546814,82.85485446453094,82.08856165409088,85.55479735136032,74.32727336883545,88.15983653068542,69.369375705719,90.33656358718872,64.0783229470253
,,,,,,,,,,,,,,,,,,,,,,,,,,,,,,,,,,,,,,,,,,,,,,,,,,,,,,,,,,,,,,,,,,,,,,,,,,,,,,,,,,,
,,,,,,,,,,,,,,,,,,,,,,,,,,,,,,,,,,,,,,,,,,,,,,,,,,,,,,,,,,,,,,,,,,,,,,,,,,,,,,,,,,,
,,,,,,,,,,,,,,,,,,,,,,,,,,,,,,,,,,,,,,,,,,,,,,,,,,,,,,,,,,,,,,,,,,,,,,,,,,,,,,,,,,,
,,,,,,,,,,,,,,,,,,,,,,,,,,,,,,,,,,,,,,,,,,,,,,,,,,,,,,,,,,,,,,,,,,,,,,,,,,,,,,,,,,,
,,,,,,,,,,,,,,,,,,,,,,,,,,,,,,,,,,,,,,,,,,,,,,,,,,,,,,,,,,,,,,,,,,,,,,,,,,,,,,,,,,,
,,,,,,,,,,,,,,,,,,,,,,,,,,,,,,,,,,,,,,,,,,,,,,,,,,,,,,,,,,,,,,,,,,,,,,,,,,,,,,,,,,,
,,,,,,,,,,,,,,,,,,,,,,,,,,,,,,,,,,,,,,,,,,105.76356053352356,123.0891364812851,105.78559041023254,115.00801682472229,108.21604907512665,113.72320532798767,111.3463693857193,113.53253543376923,113.01429390907288,113.12353312969208,105.36365568637848,122.21226572990417,112.86837100982666,127.56563663482666,113.98133039474487,128.4551763534546,112.90842533111572,128.8714236021042,105.30160903930664,128.66577565670013,114.23224568367004,136.15673065185547,114.10095512866974,136.05320930480957,112.57398426532745,135.95977663993835,105.93135058879852,133.52181792259216,114.26644206047058,140.34571886062622,112.68639922142029,140.4550051689148,111.13769888877869,140.16993403434753,106.77016317844391,137.02176928520203,110.50781965255737,142.46268391609192,107.43804395198822,143.99749636650085,104.12254124879837,145.2386212348938
123.10643076896667,167.01783895492554,113.78528952598572,156.89004182815552,104.3922820687294,151.09980463981628,97.84627318382263,153.5597538948059,96.97388380765915,159.46758389472961,103.95087093114853,147.74399280548096,95.10954916477203,148.6777925491333,94.7447606921196,152.9978096485138,96.69044315814972,155.5987524986267,105.79181134700775,154.0640640258789,95.16744643449783,154.96995329856873,94.24906343221664,157.8158450126648,95.90352594852448,159.6575951576233,107.63776481151581,160.77430844306946,100.26809513568878,163.91106724739075,103.32670569419861,164.15449738502502,106.63704514503479,163.1561517715454,110.01581490039825,167.5896394252777,102.7397346496582,169.9773406982422,105.08630454540253,168.82969498634338,108.06256592273712,167.0208764076233,106.87523066997528,115.97743690013885,106.83659076690674,127.49245882034302,108.79505932331085,138.2854425907135,111.537766456604,145.35717487335205,115.0187748670578,148.65755319595337,102.74152457714081,140.8892059326172,107.19417572021484,150.0246238708496,107.1665507555008,151.509907245636,106.15723192691803,150.24214267730713,103.62295120954514,132.36801981925964,111.65580153465271,142.33662962913513,111.43392562866211,143.45765113830566,109.57326471805573,142.01146721839905,106.21870279312134,124.4878602027893,115.54938197135925,132.99052715301514,114.86247539520264,134.9459183216095,112.31948912143707,134.47359442710876,109.57207560539246,117.42263674736023,116.43624722957611,122.88219451904297,116.06958746910095,125.53485155105591,113.62752556800842,126.87419772148132
124.21315670013428,168.8092541694641,117.07144618034363,158.87800812721252,108.63600611686707,153.88248324394226,101.34588181972504,156.20083451271057,98.72811913490295,160.6047534942627,109.14970278739929,147.29082345962524,99.53428745269775,147.88960456848145,97.1376371383667,152.81314492225647,97.79539793729782,156.25120043754578,109.69570577144623,154.14533138275146,99.12137746810913,155.22967100143433,96.08997881412506,158.20126056671143,95.96523463726044,159.8301875591278,109.86363351345062,161.60818219184875,101.0464945435524,165.550377368927,103.39402198791504,166.4990234375,106.60816848278046,165.94011664390564,110.55573463439941,169.122576713562,102.25261151790619,171.95961952209473,104.7431829571724,171.36178374290466,108.00558865070343,169.70293164253235,104.09024745225906,121.52235329151154,110.43584704399109,126.58795654773712,116.20513379573822,132.63266563415527,120.76773405075073,136.06411933898926,123.2749092578888,136.68654918670654,108.99803459644318,132.68929243087769,116.79578483104706,140.54867029190063,116.22457265853882,142.05682754516602,113.59597027301788,141.59016013145447,105.7080352306366,129.67403173446655,114.68883991241455,138.24846625328064,114.46845352649689,139.70914006233215,111.76645159721375,139.51088428497314,103.44772607088089,126.56189024448395,112.09179282188416,134.20056462287903,110.53563237190247,136.8968152999878,107.85881459712982,137.34986066818237,101.75041794776917,123.6401242017746,105.7359105348587,128.76514375209808,103.31445783376694,132.6265287399292,100.04626929759979,135.15658736228943
124.89715933799744,169.40473437309265,117.76199519634247,159.68936443328857,108.72711718082428,155.55492639541626,100.58326631784439,158.02212834358215,96.6170060634613,162.12814450263977,110.1216584444046,149.0920639038086,101.67343229055405,148.25544714927673,97.7674412727356,152.74370193481445,97.34620749950409,156.41708254814148,110.90415716171265,155.19247770309448,101.71834319829941,155.3575074672699,98.22297155857086,157.81124234199524,97.84621685743332,159.15294408798218,111.07172191143036,162.14207649230957,102.09276348352432,166.1029303073883,103.62253814935684,167.41134405136108,106.56004071235657,167.0135462284088,111.65870547294617,169.4948971271515,102.68258839845657,172.27931141853333,104.6486422419548,172.14913487434387,107.97812640666962,170.928156375885,106.14895820617676,123.71451079845428,112.59323537349701,129.79036152362823,117.79363811016083,136.04668498039246,121.35132551193237,138.6892533302307,123.46380293369293,138.26825618743896,109.05894219875336,136.31680130958557,112.59517550468445,144.30124163627625,113.22837173938751,145.50477027893066,112.2630625963211,144.63993310928345,106.09021604061127,132.00419187545776,111.3627165555954,140.73471426963806,112.60104596614838,142.91314125061035,111.02295577526093,142.8531515598297,104.76876139640808,128.0651193857193,111.58734619617462,136.53523445129395,111.69738292694092,139.6434783935547,109.60028886795044,139.68488693237305,104.3675234913826,124.31745290756226,108.42436909675598,131.32598757743835,108.15124869346619,135.29257535934448,106.11080646514893,136.71772956848145
124.3891578912735,169.9685537815094,118.12486231327057,160.285542011261,109.61758732795715,155.7893991470337,102.22844749689102,158.02321314811707,98.6766368150711,161.9891655445099,110.17440497875214,149.99277710914612,102.18158394098282,149.1491711139679,99.29016262292862,152.77714490890503,99.51670110225677,155.63520193099976,110.63379049301147,155.86984515190125,102.22014248371124,156.35862708091736,99.1941386461258,158.13739657402039,98.8688725233078,158.8054347038269,110.65630853176117,162.57601380348206,102.61954665184021,166.2008261680603,103.96186709403992,167.55918741226196,106.67164206504822,167.45371341705322,111.17563784122467,169.70035910606384,103.2873022556305,172.1398365497589,105.00503182411194,171.9790530204773,107.90441393852234,170.9515106678009,103.35220277309418,137.99411058425903,113.00198972225189,133.6170482635498,118.85299980640411,133.9131224155426,123.19577693939209,134.42607998847961,125.51658689975739,134.0521788597107,111.0100257396698,131.01384282112122,115.66291093826294,132.75261402130127,117.98188090324402,134.74905729293823,118.76692056655884,135.7083809375763,106.21700048446655,134.6060025691986,112.12720334529877,137.8268027305603,114.71859276294708,140.35207271575928,114.50854539871216,141.13606095314026,103.03905934095383,138.7912404537201,109.44729387760162,144.27613615989685,110.8102297782898,146.58218264579773,109.90501463413239,146.4909815788269,101.07485175132751,142.96401858329773,105.60742378234863,147.71233201026917,106.37751817703247,151.0259759426117,105.03144264221191,152.04750537872314
124.32520866394043,169.92570400238037,118.52946102619171,159.93101239204407,109.89029467105865,154.9527359008789,102.4466872215271,157.21010565757751,99.19467687606812,161.88731789588928,110.29733419418335,149.88222002983093,101.75533711910248,149.95683908462524,98.51081192493439,153.57394933700562,98.30634087324142,156.5162491798401,111.10484182834625,155.7757306098938,102.3848220705986,156.69556736946106,99.34881091117859,158.27380299568176,98.65071415901184,158.96849632263184,111.49120330810547,162.56713390350342,103.39937925338745,165.999253988266,104.86771434545517,167.09733963012695,107.45127439498901,167.05586910247803,112.4124401807785,169.73998546600342,104.64977502822876,172.20425844192505,106.2432736158371,171.87973141670227,108.91419589519501,170.90373277664185,110.2073746919632,130.14790534973145,110.60145914554596,135.83494663238525,111.93056166172028,142.42138385772705,113.99518668651581,146.0977864265442,116.68311953544617,146.99389696121216,104.27317678928375,143.15649390220642,104.70392346382141,151.48165583610535,106.21890306472778,152.76656031608582,107.19745516777039,151.49535536766052,105.58414220809937,138.84154438972473,109.24187779426575,144.887934923172,111.41106963157654,146.36464834213257,111.74079179763794,145.50715684890747,108.4160703420639,134.6529746055603,114.23068106174469,139.53017830848694,115.56378901004791,142.11748361587524,115.09776949882507,141.9369876384735,112.14299976825714,130.88560342788696,117.572500705719,133.9904224872589,118.49531471729279,136.12118005752563,117.38099098205566,136.89717173576355
123.58747065067291,171.48030638694763,117.63215661048889,162.73380637168884,110.37746787071228,158.60283970832825,104.32738155126572,161.18577480316162,102.42021381855011,165.70940971374512,109.77149605751038,151.5864634513855,101.86914145946503,150.57305455207825,99.32671844959259,154.72641468048096,99.72460806369781,158.11571598052979,109.75907921791077,157.18244314193726,101.85866475105286,156.31776094436646,99.72796261310577,158.77084493637085,100.00843673944473,160.29688596725464,109.92426574230194,163.12024474143982,104.41148936748505,165.4801905155182,106.64251506328583,166.68037176132202,109.40144419670105,166.3243544101715,110.90106546878815,169.18177604675293,106.33846521377563,170.9296441078186,108.77821147441864,170.62606930732727,111.42510116100311,169.4137692451477,,,,,,,,,,,,,,,,,,,,,,,,,,,,,,,,,,,,,,,,,,
,,,,,,,,,,,,,,,,,,,,,,,,,,,,,,,,,,,,,,,,,,104.90582227706909,143.8017976284027,110.47163307666779,141.07486248016357,114.60571467876434,140.5146849155426,118.67492079734802,140.56880116462708,121.70608162879944,140.60503363609314,108.03119838237762,141.61298751831055,109.11511838436127,142.83708095550537,110.80602407455444,142.55916953086853,111.55397593975067,142.37974286079407,105.7062828540802,142.91802287101746,108.48525166511536,140.42041540145874,111.84528350830078,141.31144285202026,112.8128457069397,142.23563432693481,104.60013896226883,143.92011880874634,108.50877106189728,143.33373546600342,110.79195499420166,145.3151774406433,111.01113975048065,146.15416526794434,104.34593796730042,145.57801008224487,107.60125279426575,146.33219718933105,108.31519603729248,149.05039191246033,107.51325845718384,150.82155227661133
,,,,,,,,,,,,,,,,,,,,,,,,,,,,,,,,,,,,,,,,,,,,,,,,,,,,,,,,,,,,,,,,,,,,,,,,,,,,,,,,,,,
128.37373673915863,169.68303322792053,115.44494032859802,162.3749840259552,108.32688689231873,155.38788199424744,106.25073373317719,152.04634308815002,108.35842967033386,153.5450005531311,112.914057970047,143.00426483154297,108.79936516284943,134.92584943771362,104.47470009326935,133.53424668312073,102.31482088565826,134.23975706100464,118.51471602916718,145.00067710876465,115.02344369888306,137.50032305717468,111.37293040752411,135.86679339408875,109.85729992389679,136.1586833000183,123.15722465515137,149.37894821166992,117.37156569957733,148.19852590560913,113.21395218372345,151.80171966552734,111.51486039161682,154.8420238494873,126.88211381435394,155.91348528862,120.46145617961884,157.31729984283447,116.2930029630661,159.170982837677,114.52876031398773,160.62772035598755,,,,,,,,,,,,,,,,,,,,,,,,,,,,,,,,,,,,,,,,,,
